PRAGMA foreign_keys=OFF;
BEGIN TRANSACTION;
CREATE TABLE IF NOT EXISTS "django_migrations" ("id" integer NOT NULL PRIMARY KEY AUTOINCREMENT, "app" varchar(255) NOT NULL, "name" varchar(255) NOT NULL, "applied" datetime NOT NULL);
INSERT INTO django_migrations VALUES(1,'contenttypes','0001_initial','2024-07-03 18:52:46.900518');
INSERT INTO django_migrations VALUES(2,'contenttypes','0002_remove_content_type_name','2024-07-03 18:52:46.939569');
INSERT INTO django_migrations VALUES(3,'auth','0001_initial','2024-07-03 18:52:46.989548');
INSERT INTO django_migrations VALUES(4,'auth','0002_alter_permission_name_max_length','2024-07-03 18:52:47.018114');
INSERT INTO django_migrations VALUES(5,'auth','0003_alter_user_email_max_length','2024-07-03 18:52:47.042425');
INSERT INTO django_migrations VALUES(6,'auth','0004_alter_user_username_opts','2024-07-03 18:52:47.061652');
INSERT INTO django_migrations VALUES(7,'auth','0005_alter_user_last_login_null','2024-07-03 18:52:47.081240');
INSERT INTO django_migrations VALUES(8,'auth','0006_require_contenttypes_0002','2024-07-03 18:52:47.120592');
INSERT INTO django_migrations VALUES(9,'auth','0007_alter_validators_add_error_messages','2024-07-03 18:52:47.140190');
INSERT INTO django_migrations VALUES(10,'auth','0008_alter_user_username_max_length','2024-07-03 18:52:47.161696');
INSERT INTO django_migrations VALUES(11,'auth','0009_alter_user_last_name_max_length','2024-07-03 18:52:47.182608');
INSERT INTO django_migrations VALUES(12,'auth','0010_alter_group_name_max_length','2024-07-03 18:52:47.219203');
INSERT INTO django_migrations VALUES(13,'auth','0011_update_proxy_permissions','2024-07-03 18:52:47.249608');
INSERT INTO django_migrations VALUES(14,'auth','0012_alter_user_first_name_max_length','2024-07-03 18:52:47.277189');
INSERT INTO django_migrations VALUES(15,'accounts','0001_initial','2024-07-03 18:52:47.444467');
INSERT INTO django_migrations VALUES(16,'account','0001_initial','2024-07-03 18:52:47.509186');
INSERT INTO django_migrations VALUES(17,'account','0002_email_max_length','2024-07-03 18:52:47.564375');
INSERT INTO django_migrations VALUES(18,'account','0003_alter_emailaddress_create_unique_verified_email','2024-07-03 18:52:47.632446');
INSERT INTO django_migrations VALUES(19,'account','0004_alter_emailaddress_drop_unique_email','2024-07-03 18:52:47.688628');
INSERT INTO django_migrations VALUES(20,'account','0005_emailaddress_idx_upper_email','2024-07-03 18:52:47.741026');
INSERT INTO django_migrations VALUES(21,'accounts','0002_customuser_created_at_customuser_updated_at','2024-07-03 18:52:47.898276');
INSERT INTO django_migrations VALUES(22,'accounts','0003_alter_customuser_created_at_and_more','2024-07-03 18:52:48.008726');
INSERT INTO django_migrations VALUES(23,'accounts','0004_customuser_deleted_customuser_deleted_by_cascade_and_more','2024-07-03 18:52:48.285947');
INSERT INTO django_migrations VALUES(24,'accounts','0005_alter_customuser_options_alter_customuser_managers_and_more','2024-07-03 18:52:48.480956');
INSERT INTO django_migrations VALUES(25,'accounts','0006_remove_doctor_date_of_birth_and_more','2024-07-03 18:52:48.672376');
INSERT INTO django_migrations VALUES(26,'accounts','0007_remove_doctor_date_birth_remove_employee_date_birth_and_more','2024-07-03 18:52:48.852251');
INSERT INTO django_migrations VALUES(27,'accounts','0008_remove_doctor_date_of_birth_and_more','2024-07-03 18:52:48.951142');
INSERT INTO django_migrations VALUES(28,'accounts','0009_doctor_date_of_birth_employee_date_of_birth_and_more','2024-07-03 18:52:49.064666');
INSERT INTO django_migrations VALUES(29,'accounts','0010_remove_customuser_deleted_and_more','2024-07-03 18:52:49.437542');
INSERT INTO django_migrations VALUES(30,'admin','0001_initial','2024-07-03 18:52:49.504151');
INSERT INTO django_migrations VALUES(31,'admin','0002_logentry_remove_auto_add','2024-07-03 18:52:49.624579');
INSERT INTO django_migrations VALUES(32,'admin','0003_logentry_add_action_flag_choices','2024-07-03 18:52:49.669734');
INSERT INTO django_migrations VALUES(33,'authtoken','0001_initial','2024-07-03 18:52:49.708888');
INSERT INTO django_migrations VALUES(34,'authtoken','0002_auto_20160226_1747','2024-07-03 18:52:49.830457');
INSERT INTO django_migrations VALUES(35,'authtoken','0003_tokenproxy','2024-07-03 18:52:49.843271');
INSERT INTO django_migrations VALUES(36,'chat','0001_initial','2024-07-03 18:52:49.990532');
INSERT INTO django_migrations VALUES(37,'chat','0002_conversation_image','2024-07-03 18:52:50.035251');
INSERT INTO django_migrations VALUES(38,'pharmacy','0001_initial','2024-07-03 18:52:50.052984');
INSERT INTO django_migrations VALUES(39,'products','0001_initial','2024-07-03 18:52:50.201356');
INSERT INTO django_migrations VALUES(40,'pharmacy','0002_pharmacy_latitude_pharmacy_longitude','2024-07-03 18:52:50.225947');
INSERT INTO django_migrations VALUES(41,'orders','0001_initial','2024-07-03 18:52:50.558644');
INSERT INTO django_migrations VALUES(42,'orders','0002_order_location_order_owner_order_phone','2024-07-03 18:52:50.731844');
INSERT INTO django_migrations VALUES(43,'orders','0003_alter_cartitem_unique_together','2024-07-03 18:52:50.775565');
INSERT INTO django_migrations VALUES(44,'orders','0004_alter_cart_user','2024-07-03 18:52:50.846913');
INSERT INTO django_migrations VALUES(45,'orders','0005_alter_cart_user','2024-07-03 18:52:50.923148');
INSERT INTO django_migrations VALUES(46,'products','0002_alter_product_stock','2024-07-03 18:52:51.013073');
INSERT INTO django_migrations VALUES(47,'products','0003_alter_coupon_discount_type_and_more','2024-07-03 18:52:51.072767');
INSERT INTO django_migrations VALUES(48,'products','0004_alter_coupon_discount_type_and_more','2024-07-03 18:52:51.231122');
INSERT INTO django_migrations VALUES(49,'sessions','0001_initial','2024-07-03 18:52:51.253282');
INSERT INTO django_migrations VALUES(50,'sites','0001_initial','2024-07-03 18:52:51.267920');
INSERT INTO django_migrations VALUES(51,'sites','0002_alter_domain_unique','2024-07-03 18:52:51.297406');
INSERT INTO django_migrations VALUES(52,'socialaccount','0001_initial','2024-07-03 18:52:51.498386');
INSERT INTO django_migrations VALUES(53,'socialaccount','0002_token_max_lengths','2024-07-03 18:52:51.603380');
INSERT INTO django_migrations VALUES(54,'socialaccount','0003_extra_data_default_dict','2024-07-03 18:52:51.690240');
INSERT INTO django_migrations VALUES(55,'socialaccount','0004_app_provider_id_settings','2024-07-03 18:52:51.807752');
INSERT INTO django_migrations VALUES(56,'socialaccount','0005_socialtoken_nullable_app','2024-07-03 18:52:51.899925');
CREATE TABLE IF NOT EXISTS "django_content_type" ("id" integer NOT NULL PRIMARY KEY AUTOINCREMENT, "app_label" varchar(100) NOT NULL, "model" varchar(100) NOT NULL);
INSERT INTO django_content_type VALUES(1,'admin','logentry');
INSERT INTO django_content_type VALUES(2,'auth','permission');
INSERT INTO django_content_type VALUES(3,'auth','group');
INSERT INTO django_content_type VALUES(4,'contenttypes','contenttype');
INSERT INTO django_content_type VALUES(5,'sessions','session');
INSERT INTO django_content_type VALUES(6,'accounts','customuser');
INSERT INTO django_content_type VALUES(7,'accounts','phonemodel');
INSERT INTO django_content_type VALUES(8,'accounts','patient');
INSERT INTO django_content_type VALUES(9,'accounts','emailverificationotp');
INSERT INTO django_content_type VALUES(10,'accounts','doctor');
INSERT INTO django_content_type VALUES(11,'accounts','employee');
INSERT INTO django_content_type VALUES(12,'products','category');
INSERT INTO django_content_type VALUES(13,'products','coupon');
INSERT INTO django_content_type VALUES(14,'products','product');
INSERT INTO django_content_type VALUES(15,'products','productimage');
INSERT INTO django_content_type VALUES(16,'products','discount');
INSERT INTO django_content_type VALUES(17,'products','wishlist');
INSERT INTO django_content_type VALUES(18,'products','productrating');
INSERT INTO django_content_type VALUES(19,'pharmacy','pharmacy');
INSERT INTO django_content_type VALUES(20,'orders','cart');
INSERT INTO django_content_type VALUES(21,'orders','order');
INSERT INTO django_content_type VALUES(22,'orders','paymoborder');
INSERT INTO django_content_type VALUES(23,'orders','orderitem');
INSERT INTO django_content_type VALUES(24,'orders','cartitem');
INSERT INTO django_content_type VALUES(25,'chat','conversation');
INSERT INTO django_content_type VALUES(26,'chat','message');
INSERT INTO django_content_type VALUES(27,'chat','messageseenstatus');
INSERT INTO django_content_type VALUES(28,'chat','fcmtoken');
INSERT INTO django_content_type VALUES(29,'authtoken','token');
INSERT INTO django_content_type VALUES(30,'authtoken','tokenproxy');
INSERT INTO django_content_type VALUES(31,'sites','site');
INSERT INTO django_content_type VALUES(32,'account','emailaddress');
INSERT INTO django_content_type VALUES(33,'account','emailconfirmation');
INSERT INTO django_content_type VALUES(34,'socialaccount','socialaccount');
INSERT INTO django_content_type VALUES(35,'socialaccount','socialapp');
INSERT INTO django_content_type VALUES(36,'socialaccount','socialtoken');
CREATE TABLE IF NOT EXISTS "auth_group_permissions" ("id" integer NOT NULL PRIMARY KEY AUTOINCREMENT, "group_id" integer NOT NULL REFERENCES "auth_group" ("id") DEFERRABLE INITIALLY DEFERRED, "permission_id" integer NOT NULL REFERENCES "auth_permission" ("id") DEFERRABLE INITIALLY DEFERRED);
CREATE TABLE IF NOT EXISTS "auth_permission" ("id" integer NOT NULL PRIMARY KEY AUTOINCREMENT, "content_type_id" integer NOT NULL REFERENCES "django_content_type" ("id") DEFERRABLE INITIALLY DEFERRED, "codename" varchar(100) NOT NULL, "name" varchar(255) NOT NULL);
INSERT INTO auth_permission VALUES(1,1,'add_logentry','Can add log entry');
INSERT INTO auth_permission VALUES(2,1,'change_logentry','Can change log entry');
INSERT INTO auth_permission VALUES(3,1,'delete_logentry','Can delete log entry');
INSERT INTO auth_permission VALUES(4,1,'view_logentry','Can view log entry');
INSERT INTO auth_permission VALUES(5,2,'add_permission','Can add permission');
INSERT INTO auth_permission VALUES(6,2,'change_permission','Can change permission');
INSERT INTO auth_permission VALUES(7,2,'delete_permission','Can delete permission');
INSERT INTO auth_permission VALUES(8,2,'view_permission','Can view permission');
INSERT INTO auth_permission VALUES(9,3,'add_group','Can add group');
INSERT INTO auth_permission VALUES(10,3,'change_group','Can change group');
INSERT INTO auth_permission VALUES(11,3,'delete_group','Can delete group');
INSERT INTO auth_permission VALUES(12,3,'view_group','Can view group');
INSERT INTO auth_permission VALUES(13,4,'add_contenttype','Can add content type');
INSERT INTO auth_permission VALUES(14,4,'change_contenttype','Can change content type');
INSERT INTO auth_permission VALUES(15,4,'delete_contenttype','Can delete content type');
INSERT INTO auth_permission VALUES(16,4,'view_contenttype','Can view content type');
INSERT INTO auth_permission VALUES(17,5,'add_session','Can add session');
INSERT INTO auth_permission VALUES(18,5,'change_session','Can change session');
INSERT INTO auth_permission VALUES(19,5,'delete_session','Can delete session');
INSERT INTO auth_permission VALUES(20,5,'view_session','Can view session');
INSERT INTO auth_permission VALUES(21,6,'add_customuser','Can add custom user');
INSERT INTO auth_permission VALUES(22,6,'change_customuser','Can change custom user');
INSERT INTO auth_permission VALUES(23,6,'delete_customuser','Can delete custom user');
INSERT INTO auth_permission VALUES(24,6,'view_customuser','Can view custom user');
INSERT INTO auth_permission VALUES(25,7,'add_phonemodel','Can add phone model');
INSERT INTO auth_permission VALUES(26,7,'change_phonemodel','Can change phone model');
INSERT INTO auth_permission VALUES(27,7,'delete_phonemodel','Can delete phone model');
INSERT INTO auth_permission VALUES(28,7,'view_phonemodel','Can view phone model');
INSERT INTO auth_permission VALUES(29,8,'add_patient','Can add patient');
INSERT INTO auth_permission VALUES(30,8,'change_patient','Can change patient');
INSERT INTO auth_permission VALUES(31,8,'delete_patient','Can delete patient');
INSERT INTO auth_permission VALUES(32,8,'view_patient','Can view patient');
INSERT INTO auth_permission VALUES(33,9,'add_emailverificationotp','Can add email verification otp');
INSERT INTO auth_permission VALUES(34,9,'change_emailverificationotp','Can change email verification otp');
INSERT INTO auth_permission VALUES(35,9,'delete_emailverificationotp','Can delete email verification otp');
INSERT INTO auth_permission VALUES(36,9,'view_emailverificationotp','Can view email verification otp');
INSERT INTO auth_permission VALUES(37,10,'add_doctor','Can add doctor');
INSERT INTO auth_permission VALUES(38,10,'change_doctor','Can change doctor');
INSERT INTO auth_permission VALUES(39,10,'delete_doctor','Can delete doctor');
INSERT INTO auth_permission VALUES(40,10,'view_doctor','Can view doctor');
INSERT INTO auth_permission VALUES(41,11,'add_employee','Can add employee');
INSERT INTO auth_permission VALUES(42,11,'change_employee','Can change employee');
INSERT INTO auth_permission VALUES(43,11,'delete_employee','Can delete employee');
INSERT INTO auth_permission VALUES(44,11,'view_employee','Can view employee');
INSERT INTO auth_permission VALUES(45,12,'add_category','Can add category');
INSERT INTO auth_permission VALUES(46,12,'change_category','Can change category');
INSERT INTO auth_permission VALUES(47,12,'delete_category','Can delete category');
INSERT INTO auth_permission VALUES(48,12,'view_category','Can view category');
INSERT INTO auth_permission VALUES(49,13,'add_coupon','Can add coupon');
INSERT INTO auth_permission VALUES(50,13,'change_coupon','Can change coupon');
INSERT INTO auth_permission VALUES(51,13,'delete_coupon','Can delete coupon');
INSERT INTO auth_permission VALUES(52,13,'view_coupon','Can view coupon');
INSERT INTO auth_permission VALUES(53,14,'add_product','Can add product');
INSERT INTO auth_permission VALUES(54,14,'change_product','Can change product');
INSERT INTO auth_permission VALUES(55,14,'delete_product','Can delete product');
INSERT INTO auth_permission VALUES(56,14,'view_product','Can view product');
INSERT INTO auth_permission VALUES(57,15,'add_productimage','Can add product image');
INSERT INTO auth_permission VALUES(58,15,'change_productimage','Can change product image');
INSERT INTO auth_permission VALUES(59,15,'delete_productimage','Can delete product image');
INSERT INTO auth_permission VALUES(60,15,'view_productimage','Can view product image');
INSERT INTO auth_permission VALUES(61,16,'add_discount','Can add discount');
INSERT INTO auth_permission VALUES(62,16,'change_discount','Can change discount');
INSERT INTO auth_permission VALUES(63,16,'delete_discount','Can delete discount');
INSERT INTO auth_permission VALUES(64,16,'view_discount','Can view discount');
INSERT INTO auth_permission VALUES(65,17,'add_wishlist','Can add wishlist');
INSERT INTO auth_permission VALUES(66,17,'change_wishlist','Can change wishlist');
INSERT INTO auth_permission VALUES(67,17,'delete_wishlist','Can delete wishlist');
INSERT INTO auth_permission VALUES(68,17,'view_wishlist','Can view wishlist');
INSERT INTO auth_permission VALUES(69,18,'add_productrating','Can add product rating');
INSERT INTO auth_permission VALUES(70,18,'change_productrating','Can change product rating');
INSERT INTO auth_permission VALUES(71,18,'delete_productrating','Can delete product rating');
INSERT INTO auth_permission VALUES(72,18,'view_productrating','Can view product rating');
INSERT INTO auth_permission VALUES(73,19,'add_pharmacy','Can add pharmacy');
INSERT INTO auth_permission VALUES(74,19,'change_pharmacy','Can change pharmacy');
INSERT INTO auth_permission VALUES(75,19,'delete_pharmacy','Can delete pharmacy');
INSERT INTO auth_permission VALUES(76,19,'view_pharmacy','Can view pharmacy');
INSERT INTO auth_permission VALUES(77,20,'add_cart','Can add cart');
INSERT INTO auth_permission VALUES(78,20,'change_cart','Can change cart');
INSERT INTO auth_permission VALUES(79,20,'delete_cart','Can delete cart');
INSERT INTO auth_permission VALUES(80,20,'view_cart','Can view cart');
INSERT INTO auth_permission VALUES(81,21,'add_order','Can add order');
INSERT INTO auth_permission VALUES(82,21,'change_order','Can change order');
INSERT INTO auth_permission VALUES(83,21,'delete_order','Can delete order');
INSERT INTO auth_permission VALUES(84,21,'view_order','Can view order');
INSERT INTO auth_permission VALUES(85,22,'add_paymoborder','Can add paymob order');
INSERT INTO auth_permission VALUES(86,22,'change_paymoborder','Can change paymob order');
INSERT INTO auth_permission VALUES(87,22,'delete_paymoborder','Can delete paymob order');
INSERT INTO auth_permission VALUES(88,22,'view_paymoborder','Can view paymob order');
INSERT INTO auth_permission VALUES(89,23,'add_orderitem','Can add order item');
INSERT INTO auth_permission VALUES(90,23,'change_orderitem','Can change order item');
INSERT INTO auth_permission VALUES(91,23,'delete_orderitem','Can delete order item');
INSERT INTO auth_permission VALUES(92,23,'view_orderitem','Can view order item');
INSERT INTO auth_permission VALUES(93,24,'add_cartitem','Can add cart item');
INSERT INTO auth_permission VALUES(94,24,'change_cartitem','Can change cart item');
INSERT INTO auth_permission VALUES(95,24,'delete_cartitem','Can delete cart item');
INSERT INTO auth_permission VALUES(96,24,'view_cartitem','Can view cart item');
INSERT INTO auth_permission VALUES(97,25,'add_conversation','Can add conversation');
INSERT INTO auth_permission VALUES(98,25,'change_conversation','Can change conversation');
INSERT INTO auth_permission VALUES(99,25,'delete_conversation','Can delete conversation');
INSERT INTO auth_permission VALUES(100,25,'view_conversation','Can view conversation');
INSERT INTO auth_permission VALUES(101,26,'add_message','Can add message');
INSERT INTO auth_permission VALUES(102,26,'change_message','Can change message');
INSERT INTO auth_permission VALUES(103,26,'delete_message','Can delete message');
INSERT INTO auth_permission VALUES(104,26,'view_message','Can view message');
INSERT INTO auth_permission VALUES(105,27,'add_messageseenstatus','Can add message seen status');
INSERT INTO auth_permission VALUES(106,27,'change_messageseenstatus','Can change message seen status');
INSERT INTO auth_permission VALUES(107,27,'delete_messageseenstatus','Can delete message seen status');
INSERT INTO auth_permission VALUES(108,27,'view_messageseenstatus','Can view message seen status');
INSERT INTO auth_permission VALUES(109,28,'add_fcmtoken','Can add fcm token');
INSERT INTO auth_permission VALUES(110,28,'change_fcmtoken','Can change fcm token');
INSERT INTO auth_permission VALUES(111,28,'delete_fcmtoken','Can delete fcm token');
INSERT INTO auth_permission VALUES(112,28,'view_fcmtoken','Can view fcm token');
INSERT INTO auth_permission VALUES(113,29,'add_token','Can add Token');
INSERT INTO auth_permission VALUES(114,29,'change_token','Can change Token');
INSERT INTO auth_permission VALUES(115,29,'delete_token','Can delete Token');
INSERT INTO auth_permission VALUES(116,29,'view_token','Can view Token');
INSERT INTO auth_permission VALUES(117,30,'add_tokenproxy','Can add token');
INSERT INTO auth_permission VALUES(118,30,'change_tokenproxy','Can change token');
INSERT INTO auth_permission VALUES(119,30,'delete_tokenproxy','Can delete token');
INSERT INTO auth_permission VALUES(120,30,'view_tokenproxy','Can view token');
INSERT INTO auth_permission VALUES(121,31,'add_site','Can add site');
INSERT INTO auth_permission VALUES(122,31,'change_site','Can change site');
INSERT INTO auth_permission VALUES(123,31,'delete_site','Can delete site');
INSERT INTO auth_permission VALUES(124,31,'view_site','Can view site');
INSERT INTO auth_permission VALUES(125,32,'add_emailaddress','Can add email address');
INSERT INTO auth_permission VALUES(126,32,'change_emailaddress','Can change email address');
INSERT INTO auth_permission VALUES(127,32,'delete_emailaddress','Can delete email address');
INSERT INTO auth_permission VALUES(128,32,'view_emailaddress','Can view email address');
INSERT INTO auth_permission VALUES(129,33,'add_emailconfirmation','Can add email confirmation');
INSERT INTO auth_permission VALUES(130,33,'change_emailconfirmation','Can change email confirmation');
INSERT INTO auth_permission VALUES(131,33,'delete_emailconfirmation','Can delete email confirmation');
INSERT INTO auth_permission VALUES(132,33,'view_emailconfirmation','Can view email confirmation');
INSERT INTO auth_permission VALUES(133,34,'add_socialaccount','Can add social account');
INSERT INTO auth_permission VALUES(134,34,'change_socialaccount','Can change social account');
INSERT INTO auth_permission VALUES(135,34,'delete_socialaccount','Can delete social account');
INSERT INTO auth_permission VALUES(136,34,'view_socialaccount','Can view social account');
INSERT INTO auth_permission VALUES(137,35,'add_socialapp','Can add social application');
INSERT INTO auth_permission VALUES(138,35,'change_socialapp','Can change social application');
INSERT INTO auth_permission VALUES(139,35,'delete_socialapp','Can delete social application');
INSERT INTO auth_permission VALUES(140,35,'view_socialapp','Can view social application');
INSERT INTO auth_permission VALUES(141,36,'add_socialtoken','Can add social application token');
INSERT INTO auth_permission VALUES(142,36,'change_socialtoken','Can change social application token');
INSERT INTO auth_permission VALUES(143,36,'delete_socialtoken','Can delete social application token');
INSERT INTO auth_permission VALUES(144,36,'view_socialtoken','Can view social application token');
CREATE TABLE IF NOT EXISTS "auth_group" ("id" integer NOT NULL PRIMARY KEY AUTOINCREMENT, "name" varchar(150) NOT NULL UNIQUE);
CREATE TABLE IF NOT EXISTS "accounts_customuser_groups" ("id" integer NOT NULL PRIMARY KEY AUTOINCREMENT, "customuser_id" char(32) NOT NULL REFERENCES "accounts_customuser" ("id") DEFERRABLE INITIALLY DEFERRED, "group_id" integer NOT NULL REFERENCES "auth_group" ("id") DEFERRABLE INITIALLY DEFERRED);
CREATE TABLE IF NOT EXISTS "accounts_customuser_user_permissions" ("id" integer NOT NULL PRIMARY KEY AUTOINCREMENT, "customuser_id" char(32) NOT NULL REFERENCES "accounts_customuser" ("id") DEFERRABLE INITIALLY DEFERRED, "permission_id" integer NOT NULL REFERENCES "auth_permission" ("id") DEFERRABLE INITIALLY DEFERRED);
CREATE TABLE IF NOT EXISTS "account_emailconfirmation" ("id" integer NOT NULL PRIMARY KEY AUTOINCREMENT, "created" datetime NOT NULL, "sent" datetime NULL, "key" varchar(64) NOT NULL UNIQUE, "email_address_id" integer NOT NULL REFERENCES "account_emailaddress" ("id") DEFERRABLE INITIALLY DEFERRED);
CREATE TABLE IF NOT EXISTS "account_emailaddress" ("id" integer NOT NULL PRIMARY KEY AUTOINCREMENT, "verified" bool NOT NULL, "primary" bool NOT NULL, "user_id" char(32) NOT NULL REFERENCES "accounts_customuser" ("id") DEFERRABLE INITIALLY DEFERRED, "email" varchar(254) NOT NULL);
CREATE TABLE IF NOT EXISTS "accounts_customuser" ("password" varchar(128) NOT NULL, "last_login" datetime NULL, "is_superuser" bool NOT NULL, "username" varchar(150) NOT NULL UNIQUE, "first_name" varchar(150) NOT NULL, "last_name" varchar(150) NOT NULL, "email" varchar(254) NOT NULL, "is_staff" bool NOT NULL, "is_active" bool NOT NULL, "date_joined" datetime NOT NULL, "id" char(32) NOT NULL PRIMARY KEY, "user_type" varchar(255) NOT NULL, "created_at" datetime NOT NULL, "updated_at" datetime NOT NULL);
CREATE TABLE IF NOT EXISTS "accounts_doctor" ("id" char(32) NOT NULL PRIMARY KEY, "created_at" datetime NOT NULL, "updated_at" datetime NOT NULL, "image" varchar(100) NULL, "bio" text NOT NULL, "first_name" varchar(255) NOT NULL, "last_name" varchar(255) NOT NULL, "gender" varchar(255) NOT NULL, "timezone" varchar(255) NOT NULL, "specialization" varchar(255) NOT NULL, "location" varchar(255) NULL, "price_for_reservation" integer NULL, "approved" bool NOT NULL, "user_id" char(32) NOT NULL UNIQUE REFERENCES "accounts_customuser" ("id") DEFERRABLE INITIALLY DEFERRED, "date_of_birth" varchar(255) NULL);
CREATE TABLE IF NOT EXISTS "accounts_emailverificationotp" ("id" char(32) NOT NULL PRIMARY KEY, "created_at" datetime NOT NULL, "updated_at" datetime NOT NULL, "otp" integer NULL, "activation_key" varchar(150) NULL, "user_id" char(32) NOT NULL UNIQUE REFERENCES "accounts_customuser" ("id") DEFERRABLE INITIALLY DEFERRED);
CREATE TABLE IF NOT EXISTS "accounts_employee" ("id" char(32) NOT NULL PRIMARY KEY, "created_at" datetime NOT NULL, "updated_at" datetime NOT NULL, "image" varchar(100) NULL, "bio" text NOT NULL, "first_name" varchar(255) NOT NULL, "last_name" varchar(255) NOT NULL, "gender" varchar(255) NOT NULL, "timezone" varchar(255) NOT NULL, "position" varchar(255) NOT NULL, "user_id" char(32) NOT NULL UNIQUE REFERENCES "accounts_customuser" ("id") DEFERRABLE INITIALLY DEFERRED, "date_of_birth" varchar(255) NULL);
CREATE TABLE IF NOT EXISTS "accounts_patient" ("id" char(32) NOT NULL PRIMARY KEY, "created_at" datetime NOT NULL, "updated_at" datetime NOT NULL, "image" varchar(100) NULL, "bio" text NOT NULL, "first_name" varchar(255) NOT NULL, "last_name" varchar(255) NOT NULL, "gender" varchar(255) NOT NULL, "timezone" varchar(255) NOT NULL, "user_id" char(32) NOT NULL UNIQUE REFERENCES "accounts_customuser" ("id") DEFERRABLE INITIALLY DEFERRED, "date_of_birth" varchar(255) NULL);
CREATE TABLE IF NOT EXISTS "accounts_phonemodel" ("id" char(32) NOT NULL PRIMARY KEY, "created_at" datetime NOT NULL, "updated_at" datetime NOT NULL, "Mobile" varchar(20) NOT NULL, "isVerified" bool NOT NULL, "counter" integer NOT NULL, "user_id" char(32) NULL REFERENCES "accounts_customuser" ("id") DEFERRABLE INITIALLY DEFERRED);
CREATE TABLE IF NOT EXISTS "django_admin_log" ("id" integer NOT NULL PRIMARY KEY AUTOINCREMENT, "object_id" text NULL, "object_repr" varchar(200) NOT NULL, "action_flag" smallint unsigned NOT NULL CHECK ("action_flag" >= 0), "change_message" text NOT NULL, "content_type_id" integer NULL REFERENCES "django_content_type" ("id") DEFERRABLE INITIALLY DEFERRED, "user_id" char(32) NOT NULL REFERENCES "accounts_customuser" ("id") DEFERRABLE INITIALLY DEFERRED, "action_time" datetime NOT NULL);
CREATE TABLE IF NOT EXISTS "authtoken_token" ("key" varchar(40) NOT NULL PRIMARY KEY, "created" datetime NOT NULL, "user_id" char(32) NOT NULL UNIQUE REFERENCES "accounts_customuser" ("id") DEFERRABLE INITIALLY DEFERRED);
CREATE TABLE IF NOT EXISTS "chat_conversation" ("id" char(32) NOT NULL PRIMARY KEY, "created_at" datetime NOT NULL, "updated_at" datetime NOT NULL, "name" varchar(255) NOT NULL, "description" text NOT NULL, "image" varchar(100) NULL);
CREATE TABLE IF NOT EXISTS "chat_conversation_users" ("id" integer NOT NULL PRIMARY KEY AUTOINCREMENT, "conversation_id" char(32) NOT NULL REFERENCES "chat_conversation" ("id") DEFERRABLE INITIALLY DEFERRED, "customuser_id" char(32) NOT NULL REFERENCES "accounts_customuser" ("id") DEFERRABLE INITIALLY DEFERRED);
CREATE TABLE IF NOT EXISTS "chat_message" ("id" char(32) NOT NULL PRIMARY KEY, "created_at" datetime NOT NULL, "updated_at" datetime NOT NULL, "text" text NOT NULL, "timestamp" datetime NOT NULL, "conversation_id" char(32) NOT NULL REFERENCES "chat_conversation" ("id") DEFERRABLE INITIALLY DEFERRED, "sender_id" char(32) NOT NULL REFERENCES "accounts_customuser" ("id") DEFERRABLE INITIALLY DEFERRED);
CREATE TABLE IF NOT EXISTS "chat_messageseenstatus" ("id" char(32) NOT NULL PRIMARY KEY, "created_at" datetime NOT NULL, "updated_at" datetime NOT NULL, "seen" bool NOT NULL, "message_id" char(32) NOT NULL REFERENCES "chat_message" ("id") DEFERRABLE INITIALLY DEFERRED, "user_id" char(32) NOT NULL REFERENCES "accounts_customuser" ("id") DEFERRABLE INITIALLY DEFERRED);
CREATE TABLE IF NOT EXISTS "chat_fcmtoken" ("id" char(32) NOT NULL PRIMARY KEY, "created_at" datetime NOT NULL, "updated_at" datetime NOT NULL, "token" varchar(255) NULL, "user_id" char(32) NOT NULL UNIQUE REFERENCES "accounts_customuser" ("id") DEFERRABLE INITIALLY DEFERRED);
CREATE TABLE IF NOT EXISTS "pharmacy_pharmacy" ("id" char(32) NOT NULL PRIMARY KEY, "created_at" datetime NOT NULL, "updated_at" datetime NOT NULL, "name" varchar(255) NOT NULL, "location" varchar(255) NOT NULL, "image" varchar(100) NULL, "open_time" time NOT NULL, "close_time" time NOT NULL, "phone" varchar(20) NOT NULL, "latitude" decimal NULL, "longitude" decimal NULL);
CREATE TABLE IF NOT EXISTS "products_category" ("id" char(32) NOT NULL PRIMARY KEY, "created_at" datetime NOT NULL, "updated_at" datetime NOT NULL, "name" varchar(255) NOT NULL, "image" varchar(100) NULL);
CREATE TABLE IF NOT EXISTS "products_productimage" ("id" char(32) NOT NULL PRIMARY KEY, "created_at" datetime NOT NULL, "updated_at" datetime NOT NULL, "image" varchar(100) NULL, "priority" integer NULL, "product_id" char(32) NOT NULL REFERENCES "products_product" ("id") DEFERRABLE INITIALLY DEFERRED);
CREATE TABLE IF NOT EXISTS "products_wishlist" ("id" char(32) NOT NULL PRIMARY KEY, "created_at" datetime NOT NULL, "updated_at" datetime NOT NULL, "name" varchar(255) NULL, "user_id" char(32) NOT NULL REFERENCES "accounts_customuser" ("id") DEFERRABLE INITIALLY DEFERRED);
CREATE TABLE IF NOT EXISTS "products_wishlist_items" ("id" integer NOT NULL PRIMARY KEY AUTOINCREMENT, "wishlist_id" char(32) NOT NULL REFERENCES "products_wishlist" ("id") DEFERRABLE INITIALLY DEFERRED, "product_id" char(32) NOT NULL REFERENCES "products_product" ("id") DEFERRABLE INITIALLY DEFERRED);
CREATE TABLE IF NOT EXISTS "products_productrating" ("id" char(32) NOT NULL PRIMARY KEY, "created_at" datetime NOT NULL, "updated_at" datetime NOT NULL, "rating" integer NULL, "review" text NULL, "product_id" char(32) NOT NULL REFERENCES "products_product" ("id") DEFERRABLE INITIALLY DEFERRED, "user_id" char(32) NOT NULL REFERENCES "accounts_customuser" ("id") DEFERRABLE INITIALLY DEFERRED);
CREATE TABLE IF NOT EXISTS "orders_paymoborder" ("id" char(32) NOT NULL PRIMARY KEY, "created_at" datetime NOT NULL, "updated_at" datetime NOT NULL, "paymob_order_id" varchar(255) NOT NULL, "paid" bool NOT NULL, "amount_cents" real NOT NULL, "currency" varchar(255) NOT NULL, "order_id" char(32) NOT NULL UNIQUE REFERENCES "orders_order" ("id") DEFERRABLE INITIALLY DEFERRED);
CREATE TABLE IF NOT EXISTS "orders_orderitem" ("id" char(32) NOT NULL PRIMARY KEY, "created_at" datetime NOT NULL, "updated_at" datetime NOT NULL, "quantity" integer unsigned NOT NULL CHECK ("quantity" >= 0), "order_id" char(32) NOT NULL REFERENCES "orders_order" ("id") DEFERRABLE INITIALLY DEFERRED, "product_id" char(32) NOT NULL REFERENCES "products_product" ("id") DEFERRABLE INITIALLY DEFERRED);
CREATE TABLE IF NOT EXISTS "orders_order" ("id" char(32) NOT NULL PRIMARY KEY, "created_at" datetime NOT NULL, "updated_at" datetime NOT NULL, "total_price" decimal NULL, "status" varchar(20) NOT NULL, "pharmacy_id" char(32) NULL REFERENCES "pharmacy_pharmacy" ("id") DEFERRABLE INITIALLY DEFERRED, "user_id" char(32) NULL REFERENCES "accounts_customuser" ("id") DEFERRABLE INITIALLY DEFERRED, "location" varchar(255) NULL, "owner" varchar(255) NULL, "phone" varchar(255) NULL);
CREATE TABLE IF NOT EXISTS "orders_cartitem" ("id" char(32) NOT NULL PRIMARY KEY, "created_at" datetime NOT NULL, "updated_at" datetime NOT NULL, "quantity" integer unsigned NOT NULL CHECK ("quantity" >= 0), "cart_id" char(32) NOT NULL REFERENCES "orders_cart" ("id") DEFERRABLE INITIALLY DEFERRED, "product_id" char(32) NOT NULL REFERENCES "products_product" ("id") DEFERRABLE INITIALLY DEFERRED);
CREATE TABLE IF NOT EXISTS "orders_cart" ("id" char(32) NOT NULL PRIMARY KEY, "created_at" datetime NOT NULL, "updated_at" datetime NOT NULL, "user_id" char(32) NOT NULL UNIQUE REFERENCES "accounts_customuser" ("id") DEFERRABLE INITIALLY DEFERRED);
CREATE TABLE IF NOT EXISTS "products_product" ("id" char(32) NOT NULL PRIMARY KEY, "created_at" datetime NOT NULL, "updated_at" datetime NOT NULL, "name" varchar(255) NOT NULL, "generic_name" varchar(255) NOT NULL, "form" varchar(255) NOT NULL, "strength" varchar(255) NOT NULL, "factory_company" varchar(255) NOT NULL, "short_description" text NULL, "description" text NULL, "price" integer NULL, "code" varchar(255) NULL, "category_id" char(32) NOT NULL REFERENCES "products_category" ("id") DEFERRABLE INITIALLY DEFERRED, "pharmacy_id" char(32) NOT NULL REFERENCES "pharmacy_pharmacy" ("id") DEFERRABLE INITIALLY DEFERRED, "stock" integer NOT NULL);
CREATE TABLE IF NOT EXISTS "products_coupon" ("id" char(32) NOT NULL PRIMARY KEY, "created_at" datetime NOT NULL, "updated_at" datetime NOT NULL, "code" varchar(50) NOT NULL UNIQUE, "discount_amount" decimal NOT NULL, "start_date" datetime NOT NULL, "end_date" datetime NOT NULL, "active" bool NOT NULL, "usage_limit" integer unsigned NULL CHECK ("usage_limit" >= 0), "usage_count" integer unsigned NOT NULL CHECK ("usage_count" >= 0), "minimum_purchase_amount" decimal NULL, "discount_type" varchar(10) NOT NULL);
CREATE TABLE IF NOT EXISTS "products_discount" ("id" char(32) NOT NULL PRIMARY KEY, "created_at" datetime NOT NULL, "updated_at" datetime NOT NULL, "discount_amount" decimal NOT NULL, "start_date" datetime NULL, "end_date" datetime NULL, "active" bool NOT NULL, "product_id" char(32) NOT NULL REFERENCES "products_product" ("id") DEFERRABLE INITIALLY DEFERRED, "discount_type" varchar(10) NOT NULL);
CREATE TABLE IF NOT EXISTS "django_session" ("session_key" varchar(40) NOT NULL PRIMARY KEY, "session_data" text NOT NULL, "expire_date" datetime NOT NULL);
CREATE TABLE IF NOT EXISTS "django_site" ("id" integer NOT NULL PRIMARY KEY AUTOINCREMENT, "name" varchar(50) NOT NULL, "domain" varchar(100) NOT NULL UNIQUE);
INSERT INTO django_site VALUES(1,'example.com','example.com');
CREATE TABLE IF NOT EXISTS "socialaccount_socialapp_sites" ("id" integer NOT NULL PRIMARY KEY AUTOINCREMENT, "socialapp_id" integer NOT NULL REFERENCES "socialaccount_socialapp" ("id") DEFERRABLE INITIALLY DEFERRED, "site_id" integer NOT NULL REFERENCES "django_site" ("id") DEFERRABLE INITIALLY DEFERRED);
CREATE TABLE IF NOT EXISTS "socialaccount_socialapp" ("id" integer NOT NULL PRIMARY KEY AUTOINCREMENT, "provider" varchar(30) NOT NULL, "name" varchar(40) NOT NULL, "client_id" varchar(191) NOT NULL, "secret" varchar(191) NOT NULL, "key" varchar(191) NOT NULL, "provider_id" varchar(200) NOT NULL, "settings" text NOT NULL CHECK ((JSON_VALID("settings") OR "settings" IS NULL)));
CREATE TABLE IF NOT EXISTS "socialaccount_socialaccount" ("id" integer NOT NULL PRIMARY KEY AUTOINCREMENT, "uid" varchar(191) NOT NULL, "last_login" datetime NOT NULL, "date_joined" datetime NOT NULL, "extra_data" text NOT NULL, "user_id" char(32) NOT NULL REFERENCES "accounts_customuser" ("id") DEFERRABLE INITIALLY DEFERRED, "provider" varchar(200) NOT NULL);
CREATE TABLE IF NOT EXISTS "socialaccount_socialtoken" ("id" integer NOT NULL PRIMARY KEY AUTOINCREMENT, "token" text NOT NULL, "token_secret" text NOT NULL, "expires_at" datetime NULL, "account_id" integer NOT NULL REFERENCES "socialaccount_socialaccount" ("id") DEFERRABLE INITIALLY DEFERRED, "app_id" integer NULL REFERENCES "socialaccount_socialapp" ("id") DEFERRABLE INITIALLY DEFERRED);
DELETE FROM sqlite_sequence;
INSERT INTO sqlite_sequence VALUES('django_migrations',56);
INSERT INTO sqlite_sequence VALUES('django_content_type',36);
INSERT INTO sqlite_sequence VALUES('auth_permission',144);
INSERT INTO sqlite_sequence VALUES('auth_group',0);
INSERT INTO sqlite_sequence VALUES('account_emailaddress',0);
INSERT INTO sqlite_sequence VALUES('django_admin_log',0);
INSERT INTO sqlite_sequence VALUES('django_site',1);
INSERT INTO sqlite_sequence VALUES('socialaccount_socialapp',0);
INSERT INTO sqlite_sequence VALUES('socialaccount_socialaccount',0);
INSERT INTO sqlite_sequence VALUES('socialaccount_socialtoken',0);
CREATE UNIQUE INDEX "django_content_type_app_label_model_76bd3d3b_uniq" ON "django_content_type" ("app_label", "model");
CREATE UNIQUE INDEX "auth_group_permissions_group_id_permission_id_0cd325b0_uniq" ON "auth_group_permissions" ("group_id", "permission_id");
CREATE INDEX "auth_group_permissions_group_id_b120cbf9" ON "auth_group_permissions" ("group_id");
CREATE INDEX "auth_group_permissions_permission_id_84c5c92e" ON "auth_group_permissions" ("permission_id");
CREATE UNIQUE INDEX "auth_permission_content_type_id_codename_01ab375a_uniq" ON "auth_permission" ("content_type_id", "codename");
CREATE INDEX "auth_permission_content_type_id_2f476e4b" ON "auth_permission" ("content_type_id");
CREATE UNIQUE INDEX "accounts_customuser_groups_customuser_id_group_id_c074bdcb_uniq" ON "accounts_customuser_groups" ("customuser_id", "group_id");
CREATE INDEX "accounts_customuser_groups_customuser_id_bc55088e" ON "accounts_customuser_groups" ("customuser_id");
CREATE INDEX "accounts_customuser_groups_group_id_86ba5f9e" ON "accounts_customuser_groups" ("group_id");
CREATE UNIQUE INDEX "accounts_customuser_user_permissions_customuser_id_permission_id_9632a709_uniq" ON "accounts_customuser_user_permissions" ("customuser_id", "permission_id");
CREATE INDEX "accounts_customuser_user_permissions_customuser_id_0deaefae" ON "accounts_customuser_user_permissions" ("customuser_id");
CREATE INDEX "accounts_customuser_user_permissions_permission_id_aea3d0e5" ON "accounts_customuser_user_permissions" ("permission_id");
CREATE INDEX "account_emailconfirmation_email_address_id_5b7f8c58" ON "account_emailconfirmation" ("email_address_id");
CREATE UNIQUE INDEX "account_emailaddress_user_id_email_987c8728_uniq" ON "account_emailaddress" ("user_id", "email");
CREATE UNIQUE INDEX "unique_verified_email" ON "account_emailaddress" ("email") WHERE "verified";
CREATE INDEX "account_emailaddress_user_id_2c513194" ON "account_emailaddress" ("user_id");
CREATE INDEX "account_emailaddress_upper" ON "account_emailaddress" ((UPPER("email")));
CREATE INDEX "accounts_phonemodel_user_id_b556baac" ON "accounts_phonemodel" ("user_id");
CREATE INDEX "django_admin_log_content_type_id_c4bce8eb" ON "django_admin_log" ("content_type_id");
CREATE INDEX "django_admin_log_user_id_c564eba6" ON "django_admin_log" ("user_id");
CREATE UNIQUE INDEX "chat_conversation_users_conversation_id_customuser_id_7d1f8e93_uniq" ON "chat_conversation_users" ("conversation_id", "customuser_id");
CREATE INDEX "chat_conversation_users_conversation_id_4c0fbe59" ON "chat_conversation_users" ("conversation_id");
CREATE INDEX "chat_conversation_users_customuser_id_0b765b38" ON "chat_conversation_users" ("customuser_id");
CREATE INDEX "chat_message_conversation_id_a1207bf4" ON "chat_message" ("conversation_id");
CREATE INDEX "chat_message_sender_id_991c686c" ON "chat_message" ("sender_id");
CREATE INDEX "chat_messageseenstatus_message_id_d802fa55" ON "chat_messageseenstatus" ("message_id");
CREATE INDEX "chat_messageseenstatus_user_id_73ef2fee" ON "chat_messageseenstatus" ("user_id");
CREATE INDEX "products_productimage_product_id_e747596a" ON "products_productimage" ("product_id");
CREATE UNIQUE INDEX "products_wishlist_user_id_name_a27ec4a3_uniq" ON "products_wishlist" ("user_id", "name");
CREATE INDEX "products_wishlist_user_id_eea5692f" ON "products_wishlist" ("user_id");
CREATE UNIQUE INDEX "products_wishlist_items_wishlist_id_product_id_a2f8cb5f_uniq" ON "products_wishlist_items" ("wishlist_id", "product_id");
CREATE INDEX "products_wishlist_items_wishlist_id_378a6488" ON "products_wishlist_items" ("wishlist_id");
CREATE INDEX "products_wishlist_items_product_id_59860e52" ON "products_wishlist_items" ("product_id");
CREATE UNIQUE INDEX "products_productrating_user_id_product_id_28f453c2_uniq" ON "products_productrating" ("user_id", "product_id");
CREATE INDEX "products_productrating_product_id_5002a01e" ON "products_productrating" ("product_id");
CREATE INDEX "products_productrating_user_id_31e2a299" ON "products_productrating" ("user_id");
CREATE INDEX "orders_orderitem_order_id_fe61a34d" ON "orders_orderitem" ("order_id");
CREATE INDEX "orders_orderitem_product_id_afe4254a" ON "orders_orderitem" ("product_id");
CREATE INDEX "orders_order_pharmacy_id_586834f8" ON "orders_order" ("pharmacy_id");
CREATE INDEX "orders_order_user_id_e9b59eb1" ON "orders_order" ("user_id");
CREATE INDEX "orders_cartitem_cart_id_529df5fa" ON "orders_cartitem" ("cart_id");
CREATE INDEX "orders_cartitem_product_id_55063ee7" ON "orders_cartitem" ("product_id");
CREATE UNIQUE INDEX "orders_cartitem_cart_id_product_id_d5dcad45_uniq" ON "orders_cartitem" ("cart_id", "product_id");
CREATE INDEX "products_product_category_id_9b594869" ON "products_product" ("category_id");
CREATE INDEX "products_product_pharmacy_id_7c1df472" ON "products_product" ("pharmacy_id");
CREATE INDEX "products_discount_product_id_c39a20cb" ON "products_discount" ("product_id");
CREATE INDEX "django_session_expire_date_a5c62663" ON "django_session" ("expire_date");
CREATE UNIQUE INDEX "socialaccount_socialapp_sites_socialapp_id_site_id_71a9a768_uniq" ON "socialaccount_socialapp_sites" ("socialapp_id", "site_id");
CREATE INDEX "socialaccount_socialapp_sites_socialapp_id_97fb6e7d" ON "socialaccount_socialapp_sites" ("socialapp_id");
CREATE INDEX "socialaccount_socialapp_sites_site_id_2579dee5" ON "socialaccount_socialapp_sites" ("site_id");
CREATE UNIQUE INDEX "socialaccount_socialaccount_provider_uid_fc810c6e_uniq" ON "socialaccount_socialaccount" ("provider", "uid");
CREATE INDEX "socialaccount_socialaccount_user_id_8146e70c" ON "socialaccount_socialaccount" ("user_id");
CREATE UNIQUE INDEX "socialaccount_socialtoken_app_id_account_id_fca4e0ac_uniq" ON "socialaccount_socialtoken" ("app_id", "account_id");
CREATE INDEX "socialaccount_socialtoken_account_id_951f210e" ON "socialaccount_socialtoken" ("account_id");
CREATE INDEX "socialaccount_socialtoken_app_id_636a42d7" ON "socialaccount_socialtoken" ("app_id");
COMMIT;
